trueMean,trueVar,numberOfDatasets,meanExpectation,varExpectation,meanSD,varSD,meanAbsError,varAbsError,meanPercentError,varPercentError,combinedPercentError,meanAbsErrorDatasetSD,varAbsErrorDatasetSD,meanPercentErrorDatasetSD,varPercentErrorDatasetSD,combinedPercentErrorDatasetSD
5.000000000000000000e+00,1.000000000000000000e+00,1.000000000000000000e+01,5.248288740280461440e+00,1.453929790597309202e+00,4.315807648947448394e-01,5.553880589910862309e-01,2.496742292227281668e-01,4.539297905973089797e-01,4.993484584454563446e+00,4.539297905973089797e+01,2.519323182209273071e+01,1.500484994883618250e-01,5.107802419833948893e-01,3.000969989767236612e+00,5.107802419833947738e+01,2.521133072050561807e+01
5.000000000000000000e+00,2.000000000000000000e+00,1.000000000000000000e+01,5.151042154809633900e+00,2.437895773545183165e+00,2.136986307847953126e-01,9.812068377573093247e-01,1.606779056385986004e-01,8.655698862267833249e-01,3.213558112771971675e+00,4.327849431133915914e+01,2.324602621205556829e+01,4.575852707327922320e-02,7.278896950710450620e-01,9.151705414655844084e-01,3.639448475355224843e+01,1.823500834047722208e+01
5.000000000000000000e+00,3.000000000000000000e+00,1.000000000000000000e+01,5.280101776319282791e+00,3.499946568118128543e+00,2.669786308330016622e-01,1.269023774494747681e+00,2.888292930460220065e-01,5.636870362579419202e-01,5.776585860920438797e+00,1.878956787526472993e+01,1.228307686809258215e+01,4.039440617671418710e-01,4.161661265435853685e-01,8.078881235342835865e+00,1.387220421811951176e+01,6.620821002397907051e+00
5.000000000000000000e+00,4.000000000000000000e+00,1.000000000000000000e+01,5.235306824667351755e+00,3.748341467410877925e+00,2.587552324429134853e-01,1.240061046812486856e+00,2.676813278075885760e-01,7.918373363556430178e-01,5.353626556151771965e+00,1.979593340889107367e+01,1.257477998252142193e+01,3.052994003699406322e-01,3.861969929005690250e-01,6.105988007398812201e+00,9.654924822514226790e+00,6.497316819098561069e+00
5.000000000000000000e+00,5.000000000000000000e+00,1.000000000000000000e+01,5.246930762833237338e+00,4.490948215372533525e+00,1.479034903656858968e-01,1.163083456403678273e+00,2.469307628332368942e-01,5.641649380973789984e-01,4.938615256664737885e+00,1.128329876194757730e+01,8.110957009306158483e+00,2.333992876433285957e-01,3.669285878396212341e-01,4.667985752866571580e+00,7.338571756792426015e+00,4.596261178219021915e+00
5.000000000000000000e+00,6.000000000000000000e+00,1.000000000000000000e+01,5.171140972250181100e+00,4.266672871057797245e+00,6.535374794964290968e-02,1.205848636356538162e+00,1.711409722501812669e-01,1.733327128942203643e+00,3.422819445003625560e+00,2.888878548237005361e+01,1.615580246368683959e+01,6.112860059794030312e-03,5.972452984217909711e-01,1.222572011958805993e-01,9.954088307029849148e+00,4.984227276130161144e+00
8.684210526315789380e+00,1.000000000000000000e+00,1.000000000000000000e+01,9.523088867725260087e+00,1.029433480923128030e+00,1.157258615185918993e+00,1.155008136005962333e-01,1.198930318019814312e+00,2.943348092312818645e-02,1.380586426810695322e+01,2.943348092312818132e+00,8.374606180209886119e+00,1.069745694661981217e+00,5.455435978970381988e-02,1.231828375671372200e+01,5.455435978970382571e+00,7.751704241525711581e+00
8.684210526315789380e+00,2.000000000000000000e+00,1.000000000000000000e+01,8.411850623548236427e+00,2.449087961590319384e+00,8.151176625471547865e-01,7.547472278110293198e-01,7.079174979324064365e-01,4.923600606466962404e-01,8.151777248918619989e+00,2.461800303233480491e+01,1.638489014062671600e+01,2.682702357425947870e-01,4.902051960026825861e-01,3.089172411581393884e+00,2.451025980013412919e+01,1.277582811403626550e+01
8.684210526315789380e+00,3.000000000000000000e+00,1.000000000000000000e+01,8.263601332821712830e+00,3.654797655633497122e+00,5.754250555675379797e-01,1.052808103618927849e+00,9.483948039660342610e-01,8.039024589993392089e-01,1.092090986385130336e+01,2.679674863331130297e+01,1.885882924858130494e+01,2.652062617052459714e-01,4.714882864456783618e-01,3.053890286302832546e+00,1.571627621485594872e+01,7.925422227416408560e+00
8.684210526315789380e+00,4.000000000000000000e+00,1.000000000000000000e+01,8.612664856123048551e+00,4.179545940773516932e+00,7.973702890928130449e-01,1.096532459442365548e+00,6.512099909479720505e-01,3.869649247328977859e-01,7.498781713946344851e+00,9.674123118322444981e+00,8.586452416134395804e+00,4.546208405858230828e-01,3.196080862445123127e-01,5.235027861291294826e+00,7.990202156112806264e+00,5.479592653110888278e+00
8.684210526315789380e+00,5.000000000000000000e+00,1.000000000000000000e+01,8.681951730416958668e+00,4.734091106826049611e+00,7.516430550920656373e-01,9.929885243494032121e-01,8.232183660675499448e-01,4.271436356692290270e-01,9.479484215323299878e+00,8.542872713384580763e+00,9.011178464353939432e+00,2.144248442675812383e-01,2.816420597354782340e-01,2.469134570353966218e+00,5.632841194709564903e+00,2.885746084145855761e+00
8.684210526315789380e+00,6.000000000000000000e+00,1.000000000000000000e+01,8.301992251695313740e+00,4.945650162008469408e+00,6.813123505914100431e-01,9.539642226620763665e-01,7.453214058946214804e-01,1.054349837991531258e+00,8.582488916362308373e+00,1.757249729985885267e+01,1.307749310811058230e+01,3.477315205640065798e-01,2.853675989962550785e-01,4.004181145888560778e+00,4.756126649937583828e+00,3.199005842251232856e+00
1.236842105263157876e+01,1.000000000000000000e+00,1.000000000000000000e+01,1.283246326909224067e+01,1.106629170467309908e+00,1.404942216939852218e+00,1.412046772159853414e-01,1.665294795068832823e+00,1.066291704673099777e-01,1.346408557715226983e+01,1.066291704673099794e+01,1.206350131194163211e+01,1.107474518579332878e+00,2.520421075983930170e-01,8.954049299152053720e+00,2.520421075983930592e+01,1.199080402320160310e+01
1.236842105263157876e+01,2.000000000000000000e+00,1.000000000000000000e+01,1.272758092043073752e+01,2.173248292293660899e+00,1.129912105236824171e+00,5.089818262714342900e-01,1.280162689892283767e+00,3.123469068724752939e-01,1.035025153529931607e+01,1.561734534362376436e+01,1.298379843946154111e+01,8.330040679373204027e-01,2.319579069053114839e-01,6.734926506727271445e+00,1.159789534526557375e+01,7.143867177133869539e+00
1.236842105263157876e+01,3.000000000000000000e+00,1.000000000000000000e+01,1.268566421617039630e+01,3.027857336518275932e+00,8.592608755191785130e-01,7.566421157515595963e-01,5.426875036059470858e-01,6.583472985902582009e-01,4.387686199367231588e+00,2.194490995300861158e+01,1.316629807618791936e+01,1.719703957409043638e-01,2.360185153567107563e-01,1.390398944288163019e+00,7.867283845223692396e+00,4.139920412184673104e+00
1.236842105263157876e+01,4.000000000000000000e+00,1.000000000000000000e+01,1.281814871441860682e+01,4.345610534197603236e+00,6.832315747598787237e-01,9.143846644268774915e-01,4.963930856821132664e-01,7.674770010781800655e-01,4.013390905514958362e+00,1.918692502695450486e+01,1.160015796623472895e+01,1.595619756488457774e-01,4.614183582890279411e-01,1.290075547799178768e+00,1.153545895722569803e+01,5.872037250321956670e+00
1.236842105263157876e+01,5.000000000000000000e+00,1.000000000000000000e+01,1.300226734222106018e+01,4.849413896246256961e+00,8.106255348170148256e-01,8.973359945303617247e-01,9.577543190779328475e-01,3.663834802221107578e-01,7.743545558502435533e+00,7.327669604442216489e+00,7.535607581472325123e+00,7.886234935387020917e-01,2.289512118103721461e-01,6.376104841376741383e+00,4.579024236207443366e+00,3.593037501460055960e+00
1.236842105263157876e+01,6.000000000000000000e+00,1.000000000000000000e+01,1.205709044998502399e+01,5.054196598556818465e+00,7.992028980432176466e-01,8.716728595829265069e-01,7.374516399340910189e-01,9.458034014431817571e-01,5.962374961169246035e+00,1.576339002405302914e+01,1.086288249261113847e+01,6.184710106619304426e-01,3.171510304230339972e-01,5.000403915990076165e+00,5.285850507050565916e+00,3.567264286325302791e+00
1.605263157894736992e+01,1.000000000000000000e+00,1.000000000000000000e+01,1.617038672882535266e+01,1.021762244966002209e+00,1.793366781311096947e+00,1.076167693140372972e-01,1.498091586966884492e+00,2.176224496600218800e-02,9.332373820449443969e+00,2.176224496600218661e+00,5.754299158524831981e+00,1.393891859263951982e+00,3.374064002417904995e-02,8.683260762627897478e+00,3.374064002417904717e+00,4.439605595039883390e+00
1.605263157894736992e+01,2.000000000000000000e+00,1.000000000000000000e+01,1.584128795524515532e+01,2.360476618530642501e+00,1.369282816339515874e+00,5.224218724752793808e-01,1.164870133786486184e+00,5.887679530414622331e-01,7.256568046538765415e+00,2.943839765207311032e+01,1.834748284930594053e+01,6.489173171322438760e-01,4.458587732951887483e-01,4.042435746069715563e+00,2.229293866475943631e+01,1.091273838417219721e+01
1.605263157894736992e+01,3.000000000000000000e+00,1.000000000000000000e+01,1.684694926804581527e+01,2.819764182919108020e+00,1.289675700089431221e+00,6.585284250570957454e-01,1.259532606824487644e+00,3.735042037389395553e-01,7.846268698250905338e+00,1.245014012463132147e+01,1.014820441144111030e+01,8.408061061017568782e-01,2.365115707222324448e-01,5.237808529814222958e+00,7.883719024074415493e+00,4.966724838708565848e+00
1.605263157894736992e+01,4.000000000000000000e+00,1.000000000000000000e+01,1.676782653556524494e+01,4.104087263560713517e+00,1.086436811032854388e+00,8.609933887940062203e-01,1.072145271489641782e+00,3.716730475423052349e-01,6.678937756820720217e+00,9.291826188557632094e+00,7.985381972689173935e+00,7.081497472324903564e-01,4.236893577728857441e-01,4.411424654890923058e+00,1.059223394432214427e+01,6.964243504548346841e+00
1.605263157894736992e+01,5.000000000000000000e+00,1.000000000000000000e+01,1.604932593031274024e+01,4.779224197768891180e+00,9.736565813154701710e-01,8.209075869920671176e-01,5.801842031547114198e-01,5.908494591987649702e-01,3.614262249160496765e+00,1.181698918397530029e+01,7.715625716567896752e+00,3.674924128724562089e-01,3.294236632073219706e-01,2.289296998221857837e+00,6.588473264146439412e+00,3.499181021027458538e+00
1.605263157894736992e+01,6.000000000000000000e+00,1.000000000000000000e+01,1.604195526827710694e+01,5.002230591689543537e+00,8.891110918235838323e-01,8.516459264740688928e-01,5.990970153099608453e-01,9.977694083104571288e-01,3.732079767504673296e+00,1.662949013850762014e+01,1.018078495300614783e+01,5.011879994550826334e-01,3.656419533069623085e-01,3.122154750703793002e+00,6.094032555116037919e+00,3.386730100528222653e+00
1.973684210526315752e+01,1.000000000000000000e+00,1.000000000000000000e+01,2.076277574243661661e+01,1.065620431945021540e+00,2.229614817568768892e+00,8.248663711953926891e-02,1.658936126900880215e+00,6.562043194502173438e-02,8.405276376297793561e+00,6.562043194502176213e+00,7.483659785399984443e+00,1.754709220156236205e+00,2.000770938156964662e-01,8.890526715458262785e+00,2.000770938156965073e+01,9.848676957785981401e+00
1.973684210526315752e+01,2.000000000000000000e+00,1.000000000000000000e+01,2.004411762512417283e+01,2.255846918015894875e+00,1.565144984748581658e+00,3.966753289972883012e-01,9.781038561635415629e-01,3.145229315426354977e-01,4.955726204561943682e+00,1.572614657713177522e+01,1.034093639084685989e+01,6.856228667331055737e-01,4.247112910409326925e-01,3.473822524781068122e+00,2.123556455204663251e+01,1.057945217016740891e+01
1.973684210526315752e+01,3.000000000000000000e+00,1.000000000000000000e+01,1.981675354915287812e+01,2.969498855711010243e+00,1.369794783214554501e+00,6.164408836164402272e-01,1.150247501454628507e+00,6.672896109206165605e-01,5.827920674036784376e+00,2.224298703068721395e+01,1.403545385236200183e+01,4.816380970046861831e-01,3.842767075079734918e-01,2.440299691490410261e+00,1.280922358359911684e+01,6.855351560130570121e+00
1.973684210526315752e+01,4.000000000000000000e+00,1.000000000000000000e+01,1.974980150052639516e+01,4.436262344201770347e+00,1.216959684997998004e+00,8.472958926876211772e-01,8.874944084144456014e-01,6.288092733505533660e-01,4.496638335966524735e+00,1.572023183376383315e+01,1.010843508486517806e+01,5.286934117204350470e-01,3.299603166602154691e-01,2.678713286050204090e+00,8.249007916505386007e+00,4.766574756628010334e+00
1.973684210526315752e+01,5.000000000000000000e+00,1.000000000000000000e+01,2.014103200750654921e+01,4.883159844844090713e+00,1.210499509789042971e+00,7.437599567942050349e-01,1.006505855772068969e+00,6.030395193108525342e-01,5.099629669245149266e+00,1.206079038621705202e+01,8.580210027731100197e+00,6.121530517153398465e-01,4.216290419931225109e-01,3.101575462024389385e+00,8.432580839862449551e+00,4.526989082999726577e+00
1.973684210526315752e+01,6.000000000000000000e+00,1.000000000000000000e+01,1.927346175934316364e+01,5.157470899685436372e+00,1.088315412573219287e+00,7.198766263892888428e-01,9.830565647956891473e-01,8.425291003145641833e-01,4.980819928298158672e+00,1.404215167190940328e+01,9.511485800103780974e+00,7.162688668444977536e-01,6.177567595276234336e-01,3.629095592012122395e+00,1.029594599212705930e+01,5.590547117188287451e+00
2.342105263157894512e+01,1.000000000000000000e+00,1.000000000000000000e+01,2.348382520835296106e+01,1.004895578854067439e+00,2.540934945316340343e+00,5.299790572193820853e-02,1.480486963314956439e+00,4.895578854067527894e-03,6.321180292805434142e+00,4.895578854067528241e-01,3.405369089106093039e+00,1.677671302224126970e+00,6.962377372480815785e-03,7.163090953316498144e+00,6.962377372480816895e-01,3.581149543654728262e+00
2.342105263157894512e+01,2.000000000000000000e+00,1.000000000000000000e+01,2.417277117277382814e+01,2.255183935169010390e+00,1.835117689331794422e+00,3.728068086249997637e-01,1.409250510997154704e+00,2.654627867339162672e-01,6.017024653695719039e+00,1.327313933669581481e+01,9.645081995195766922e+00,1.135077552344141427e+00,2.842028276930804176e-01,4.846398538098582343e+00,1.421014138465402077e+01,7.866853829630793271e+00
2.342105263157894512e+01,3.000000000000000000e+00,1.000000000000000000e+01,2.344398221965905549e+01,3.170873562970560222e+00,1.578990224624021055e+00,6.351138097131439064e-01,9.322440134747246310e-01,4.355959291763319419e-01,3.980367697981970654e+00,1.451986430587773569e+01,9.250116001929852061e+00,5.167918451558799475e-01,2.258055810502477556e-01,2.206526979317240400e+00,7.526852701674925150e+00,3.771444738165378396e+00
2.342105263157894512e+01,4.000000000000000000e+00,1.000000000000000000e+01,2.445909460149804815e+01,4.149413093028298860e+00,1.473099443917090579e+00,7.541775292635028993e-01,1.149433494406308043e+00,5.466738281156067192e-01,4.907693571622439244e+00,1.366684570289016776e+01,9.287269637256303056e+00,7.261357534736416763e-01,4.221774131494295257e-01,3.100354902471728735e+00,1.055443532873573709e+01,5.023603696834742394e+00
2.342105263157894512e+01,5.000000000000000000e+00,1.000000000000000000e+01,2.350278558551143959e+01,4.874056741621713762e+00,1.330027481166615289e+00,7.683914464568094571e-01,1.211684898829141321e+00,3.774295621008507129e-01,5.173486084888468284e+00,7.548591242017015368e+00,6.361038663452741382e+00,7.711680668155614926e-01,3.994482691410216058e-01,3.292627701010262697e+00,7.988965382820431671e+00,3.436672539069483445e+00
2.342105263157894512e+01,6.000000000000000000e+00,1.000000000000000000e+01,2.286512032499254587e+01,5.060181150253380444e+00,1.291835931372508073e+00,7.676487120453618918e-01,9.209617162864554007e-01,9.398188497466195557e-01,3.932196092009585531e+00,1.566364749577699023e+01,9.797921793893287656e+00,6.955641048140135396e-01,4.297415367575977418e-01,2.969824267745226898e+00,7.162358945959961254e+00,4.384308817228645516e+00
2.710526315789473628e+01,1.000000000000000000e+00,1.000000000000000000e+01,2.799091118145815216e+01,1.043364262640469331e+00,2.986850022653176673e+00,7.164565667881217514e-02,1.542811643835388935e+00,4.336426264046910894e-02,5.691926452984930052e+00,4.336426264046911783e+00,5.014176358515920917e+00,9.931737612604280008e-01,1.292695708637340291e-01,3.664136206591870337e+00,1.292695708637340246e+01,6.105561513668995133e+00
2.710526315789473628e+01,2.000000000000000000e+00,1.000000000000000000e+01,2.725083666978576957e+01,2.028189840348835205e+00,2.142044081647513920e+00,2.598472370925965502e-01,2.181797060534953925e+00,1.643063386027729389e-01,8.049348378672645410e+00,8.215316930138646612e+00,8.132332654405647787e+00,1.574311849711685474e+00,2.786662140993134695e-01,5.808140804761557696e+00,1.393331070496567747e+01,5.875744743289513572e+00
2.710526315789473628e+01,3.000000000000000000e+00,1.000000000000000000e+01,2.717745088915541629e+01,3.230398748704712997e+00,1.781409527752054078e+00,5.834227996590636289e-01,1.609159798329796276e+00,5.947532573836584735e-01,5.936706052090509722e+00,1.982510857945527860e+01,1.288090731577289283e+01,1.297834619185556981e+00,5.766529947117507993e-01,4.788127721267103176e+00,1.922176649039169760e+01,9.839981190027115687e+00
2.710526315789473628e+01,4.000000000000000000e+00,1.000000000000000000e+01,2.703081582397782157e+01,3.962455262451818783e+00,1.617466688534061614e+00,7.596543763522505266e-01,9.554297695242638389e-01,4.515413066066688019e-01,3.524886528341943936e+00,1.128853266516672171e+01,7.406709596754330605e+00,8.015886796927551572e-01,4.460069331176504392e-01,2.957317459060650577e+00,1.115017332794126226e+01,5.451279218159840845e+00
2.710526315789473628e+01,5.000000000000000000e+00,1.000000000000000000e+01,2.615663595906219641e+01,4.862686886877064296e+00,1.461681285989727019e+00,6.778537087047469267e-01,1.569251772065031858e+00,6.892317640991241223e-01,5.789472557133127140e+00,1.378463528198247978e+01,9.787053919557802573e+00,8.687265109348907277e-01,4.855690720137025851e-01,3.205010428691830615e+00,9.711381440274053034e+00,5.422647246223221806e+00
2.710526315789473628e+01,6.000000000000000000e+00,1.000000000000000000e+01,2.697228308742124980e+01,5.085206405815941189e+00,1.447458705713450255e+00,7.023482195201740108e-01,9.958108393879762099e-01,9.147935941840590335e-01,3.673865232693503735e+00,1.524655990306764863e+01,9.460212567880578405e+00,8.603389727199660664e-01,5.859547245402293436e-01,3.174066112947447227e+00,9.765912075670488690e+00,6.187425214956657094e+00
3.078947368421052744e+01,1.000000000000000000e+00,1.000000000000000000e+01,3.200138339730793291e+01,1.090121834551657010e+00,3.374237234444598332e+00,5.344075929010168313e-02,1.639625315875950617e+00,9.012183455165707902e-02,5.325278803699667662e+00,9.012183455165708068e+00,7.168731129432688753e+00,1.594369347214507737e+00,2.798273728076731692e-01,5.178293606337716071e+00,2.798273728076732070e+01,1.377429043652241702e+01
3.078947368421052744e+01,2.000000000000000000e+00,1.000000000000000000e+01,3.173333654551546346e+01,2.408885536397272098e+00,2.280845745832144722e+00,3.560113422535612915e-01,2.641636404069064081e+00,4.088855363972717649e-01,8.579673790993542326e+00,2.044427681986358891e+01,1.451197530542856384e+01,2.339523686702258853e+00,4.082339766759325861e-01,7.598452999545798114e+00,2.041169883379662764e+01,1.083156404383789706e+01
3.078947368421052744e+01,3.000000000000000000e+00,1.000000000000000000e+01,3.092438597135022604e+01,3.149458741495590797e+00,2.022997434432366681e+00,5.756922861686117887e-01,1.572188428097448298e+00,6.219294572711090430e-01,5.106253014333593576e+00,2.073098190903697002e+01,1.291861746168528136e+01,1.280774045699168306e+00,5.061140427910094663e-01,4.159778951843453143e+00,1.687046809303365080e+01,9.139124384577465676e+00
3.078947368421052744e+01,4.000000000000000000e+00,1.000000000000000000e+01,3.097281447883627337e+01,4.509530471709701338e+00,1.704216009805891385e+00,7.462653322090131436e-01,9.562865658278418834e-01,5.938761689615776884e-01,3.105887991577605867e+00,1.484690422403944332e+01,8.976396107808524150e+00,8.603857033213320182e-01,4.809407259673022517e-01,2.794415104804325978e+00,1.202351814918255712e+01,6.667344095440006058e+00
3.078947368421052744e+01,5.000000000000000000e+00,1.000000000000000000e+01,3.083950838310332898e+01,4.722430102252677564e+00,1.666260900305382320e+00,7.655937273874886539e-01,1.307981826095945932e+00,4.036686405828073809e-01,4.248146101850080569e+00,8.073372811656147618e+00,6.160759456753114094e+00,9.986335622304576276e-01,2.922716652090691647e-01,3.243425244851058320e+00,5.845433304181383072e+00,3.353885400806387640e+00
3.078947368421052744e+01,6.000000000000000000e+00,1.000000000000000000e+01,2.962480203424686209e+01,5.424231785444055376e+00,1.513170599202793287e+00,6.048367076486781402e-01,1.476619151664589680e+00,5.757682145559448461e-01,4.795857073782428870e+00,9.596136909265748471e+00,7.195996991524088671e+00,8.313421136821294022e-01,4.271972754223316571e-01,2.700085497429138393e+00,7.119954590372193692e+00,2.648180847525438697e+00
3.447368421052631504e+01,1.000000000000000000e+00,1.000000000000000000e+01,3.746262662939010823e+01,1.009713864690535257e+00,4.100293675519464109e+00,4.990375500268721953e-02,3.154665283094526096e+00,9.713864690535412710e-03,9.150937462411601331e+00,9.713864690535413127e-01,5.061161965732573265e+00,3.750471604184112628e+00,2.015125930880118724e-02,1.087923060755696802e+01,2.015125930880118599e+00,5.346334233438803096e+00
3.447368421052631504e+01,2.000000000000000000e+00,1.000000000000000000e+01,3.650253577669052873e+01,2.248719159310121452e+00,2.687907084824413761e+00,2.709048356446518424e-01,2.375300606753866894e+00,2.536539236046261303e-01,6.890184966156256863e+00,1.268269618023130718e+01,9.786440573193781134e+00,1.880493213627806748e+00,3.619309856103332113e-01,5.454865810523408243e+00,1.809654928051666190e+01,8.404834534326658613e+00
3.447368421052631504e+01,3.000000000000000000e+00,1.000000000000000000e+01,3.587335936045712970e+01,3.381422861245906297e+00,2.210556746440855314e+00,5.854877257633924748e-01,1.925459444537678255e+00,5.151074585293032859e-01,5.585302205529143471e+00,1.717024861764344479e+01,1.137777541158629369e+01,1.028684565045371979e+00,5.207648433824335621e-01,2.983970494024743125e+00,1.735882811274779058e+01,8.297801659886285819e+00
3.447368421052631504e+01,4.000000000000000000e+00,1.000000000000000000e+01,3.502909749556924623e+01,4.024123991784920307e+00,2.001005748136866380e+00,6.769840841629188866e-01,1.393927322382754186e+00,6.110171246226803188e-01,4.043453301568294300e+00,1.527542811556700642e+01,9.659440708567652578e+00,1.113357629534221127e+00,3.382377007468205243e-01,3.229587016969496016e+00,8.455942518670513053e+00,4.519176016594516732e+00
3.447368421052631504e+01,5.000000000000000000e+00,1.000000000000000000e+01,3.477343636552457440e+01,5.041340820004413636e+00,1.808775194152485000e+00,6.891089648894406228e-01,1.009556434389252688e+00,5.066661504827387752e-01,2.928484313495542501e+00,1.013332300965477373e+01,6.530903661575157670e+00,7.687829818237690294e-01,1.749259124970925505e-01,2.230057504526963719e+00,3.498518249941851455e+00,2.735346051863833505e+00
3.447368421052631504e+01,6.000000000000000000e+00,1.000000000000000000e+01,3.416529948550483908e+01,5.249478489032755490e+00,1.749242022135192087e+00,6.542122361413692522e-01,1.498270040198710351e+00,7.505215109672451756e-01,4.346126834164198094e+00,1.250869184945408463e+01,8.427409341809141807e+00,1.271002296917109087e+00,4.626351478366488301e-01,3.686876891820622060e+00,7.710585797277479614e+00,4.363879015069853651e+00
3.815789473684210265e+01,1.000000000000000000e+00,1.000000000000000000e+01,3.813088600844898934e+01,1.010993091288427292e+00,4.159224564459582218e+00,5.314618162570283744e-02,3.618333559693586388e+00,1.099309128842724734e-02,9.482529328852157491e+00,1.099309128842724803e+00,5.290919228847441147e+00,1.731515950055715569e+00,3.011102149996664271e-02,4.537765938077048311e+00,3.011102149996664590e+00,2.064626246430937506e+00
3.815789473684210265e+01,2.000000000000000000e+00,1.000000000000000000e+01,3.852276404577050073e+01,2.002592528758949442e+00,3.071718914275578527e+00,3.293271251031801850e-01,2.274118394647958397e+00,2.142189270291129100e-01,5.959758551491201928e+00,1.071094635145564666e+01,8.335352451473422519e+00,1.937269737898779765e+00,2.408749315898878196e-01,5.076982761389905896e+00,1.204374657949439253e+01,6.416144024537850044e+00
3.815789473684210265e+01,3.000000000000000000e+00,1.000000000000000000e+01,3.842205516512462538e+01,3.099201623768627734e+00,2.424661764704966416e+00,5.352354930737471816e-01,1.578490503562417713e+00,2.687058695395602159e-01,4.136733733473922925e+00,8.956862317985338606e+00,6.546798025729630766e+00,1.331513577136005377e+00,1.957872013444828807e-01,3.489483857321945326e+00,6.526240044816095320e+00,3.372215849543573007e+00
3.815789473684210265e+01,4.000000000000000000e+00,1.000000000000000000e+01,3.715455480416870415e+01,4.239738593319390958e+00,2.056108163869040606e+00,7.257495423735600415e-01,1.499941593777439408e+00,4.597678824797069019e-01,3.930881418175359077e+00,1.149419706199267210e+01,7.712539240084017145e+00,1.516531675237016374e+00,3.359567862407701333e-01,3.974358873034939954e+00,8.398919656019252500e+00,4.645607484488220251e+00
3.815789473684210265e+01,5.000000000000000000e+00,1.000000000000000000e+01,3.933591676913020763e+01,5.273242955518475661e+00,1.957096888248441191e+00,6.464378504620826860e-01,1.726346599120620384e+00,4.037891651541332116e-01,4.524218673557487413e+00,8.075783303082662457e+00,6.300000988320077155e+00,1.544845042957021741e+00,2.747636093043165917e-01,4.048559422921850448e+00,5.495272186086332056e+00,3.839243468021765526e+00
3.815789473684210265e+01,6.000000000000000000e+00,1.000000000000000000e+01,3.808951870921539040e+01,5.510473376529054335e+00,1.867382054879622277e+00,5.776905213117364823e-01,1.440541797923579281e+00,4.895266234709448883e-01,3.775212987661793473e+00,8.158777057849082581e+00,5.966995022755437361e+00,8.076294571637782083e-01,2.783253194268163200e-01,2.116546163601625619e+00,4.638755323780273443e+00,3.009622453075377013e+00
4.184210526315789025e+01,1.000000000000000000e+00,1.000000000000000000e+01,4.298721441853982128e+01,1.007281970347424283e+00,4.741794771385296592e+00,5.394757948651741908e-02,4.298128962147989895e+00,7.281970347424215721e-03,1.027225789695745917e+01,7.281970347424215895e-01,5.500227465849940600e+00,2.625720819070228362e+00,1.191998157680672354e-02,6.275307617903691515e+00,1.191998157680672188e+00,3.063007529770026771e+00
4.184210526315789025e+01,2.000000000000000000e+00,1.000000000000000000e+01,4.245357110647614007e+01,2.259578757357881607e+00,3.137357144706505174e+00,3.621224634590253788e-01,2.947054189227882315e+00,2.860358693867164348e-01,7.043274162934562987e+00,1.430179346933581996e+01,1.067253381613519103e+01,1.992264341230984170e+00,2.728693748305183742e-01,4.761386475897950277e+00,1.364346874152591660e+01,6.545409945528132489e+00
4.184210526315789025e+01,3.000000000000000000e+00,1.000000000000000000e+01,4.228358641978937982e+01,3.105136118124453226e+00,2.690453404188124065e+00,5.304940688041164254e-01,1.900370045895796611e+00,4.416772455225134175e-01,4.541764889562282193e+00,1.472257485075044769e+01,9.632169870156365832e+00,1.329306378707194369e+00,3.745620342584820572e-01,3.176958640935433120e+00,1.248540114194940287e+01,5.874477144475681811e+00
4.184210526315789025e+01,4.000000000000000000e+00,1.000000000000000000e+01,4.216202889120388164e+01,3.955736595151763346e+00,2.380425020366650379e+00,6.870680862745278672e-01,1.409430155920634364e+00,3.109175537458235272e-01,3.368449429244284143e+00,7.772938843645587959e+00,5.570694136444936717e+00,5.578308566048650885e-01,2.371528500456266675e-01,1.333180663583954262e+00,5.928821251140666604e+00,2.814112069469832722e+00
4.184210526315789025e+01,5.000000000000000000e+00,1.000000000000000000e+01,4.196618319585842727e+01,5.048305178001516680e+00,2.115721978900520828e+00,7.058209497602050408e-01,1.365881674375789556e+00,3.230871335879463291e-01,3.264371297250315163e+00,6.461742671758926804e+00,4.863056984504621205e+00,9.673235045694411616e-01,1.855572118718954722e-01,2.311842337964702399e+00,3.711144237437909332e+00,2.388303529254095725e+00
4.184210526315789025e+01,6.000000000000000000e+00,1.000000000000000000e+01,4.147042022966031993e+01,5.383581889272337051e+00,2.025885606617120693e+00,6.232959570106431091e-01,1.451898921534172660e+00,6.164181107276632821e-01,3.469947108069091790e+00,1.027363517879438781e+01,6.871791143431740245e+00,9.551295686603643587e-01,3.302875523765071430e-01,2.282699598056217027e+00,5.504792539608452273e+00,2.994388031768000502e+00
4.552631578947368496e+01,1.000000000000000000e+00,1.000000000000000000e+01,4.468160512296431364e+01,1.054141272179884181e+00,4.904233346741227351e+00,9.787095255605898769e-02,2.044584963394476596e+00,5.414127217988427138e-02,4.490995873352029655e+00,5.414127217988426999e+00,4.952561545670228327e+00,1.701586824980592549e+00,1.563766370224395075e-01,3.737589557760838677e+00,1.563766370224394997e+01,8.254021965737811328e+00
4.552631578947368496e+01,2.000000000000000000e+00,1.000000000000000000e+01,4.541709274018196396e+01,2.219053778469185723e+00,3.414375912756273834e+00,3.515607949749798289e-01,3.249841142620282675e+00,2.665879265107259366e-01,7.138379388414494819e+00,1.332939632553629750e+01,1.023388785697539660e+01,2.072121367366289491e+00,2.767558458448878267e-01,4.551480460110925108e+00,1.383779229224439078e+01,7.664321725335002000e+00
4.552631578947368496e+01,3.000000000000000000e+00,1.000000000000000000e+01,4.770761052296600013e+01,3.271807379710261809e+00,2.932055487592784004e+00,5.588214593133357111e-01,2.882979755080230522e+00,3.508450556424316247e-01,6.332556687459465650e+00,1.169483518808105416e+01,9.013695937770259903e+00,2.307873741476052842e+00,2.861653210072030440e-01,5.069318044860693817e+00,9.538844033573436576e+00,3.434504771170907134e+00
4.552631578947368496e+01,4.000000000000000000e+00,1.000000000000000000e+01,4.705847496114954254e+01,4.113179726077073717e+00,2.607563948561439027e+00,6.986552290203202897e-01,2.549573885111035221e+00,4.414061522310930852e-01,5.600220094463545628e+00,1.103515380577732863e+01,8.317686950120435796e+00,2.778003186589659723e+00,1.693011513154634162e-01,6.101972317364571019e+00,4.232528782886586072e+00,3.629234286808115328e+00
4.552631578947368496e+01,5.000000000000000000e+00,1.000000000000000000e+01,4.479319619406021502e+01,4.723385484009054558e+00,2.320851424555116171e+00,6.922396058348583292e-01,1.925724460313034569e+00,6.257576280399580471e-01,4.229914999531519726e+00,1.251515256079916227e+01,8.372533780165341000e+00,1.717861130850993012e+00,2.298070231211437331e-01,3.773336587996400482e+00,4.596140462422874329e+00,2.775820222623284650e+00
4.552631578947368496e+01,6.000000000000000000e+00,1.000000000000000000e+01,4.492709639425781631e+01,5.621444476358356646e+00,2.133467924137761873e+00,5.241552398914599564e-01,1.510405704969926433e+00,3.785555236416437985e-01,3.317654149644925443e+00,6.309258727360729679e+00,4.813456438502827339e+00,8.103699315494437005e-01,2.218146922613214722e-01,1.780003317854269129e+00,3.696911537688690963e+00,2.222086494665000522e+00
4.921052631578947256e+01,1.000000000000000000e+00,1.000000000000000000e+01,4.913701422620445669e+01,1.017891603962572944e+00,5.503792291758579758e+00,6.373353906280739001e-02,4.754826742616689472e+00,1.789160396257285374e-02,9.662214771092738630e+00,1.789160396257285512e+00,5.725687583675012959e+00,3.267860255409559489e+00,3.741618780213198936e-02,6.640571642008730180e+00,3.741618780213198381e+00,3.946182602248792026e+00
4.921052631578947256e+01,2.000000000000000000e+00,1.000000000000000000e+01,5.024815828530073247e+01,2.104981463174040002e+00,3.870107649123473603e+00,2.541191138629941837e-01,3.007349924452308532e+00,1.499390858890649603e-01,6.111192359849611400e+00,7.496954294453250789e+00,6.804073327151430206e+00,2.610000583193206936e+00,2.689713451774136677e-01,5.303744500606516254e+00,1.344856725887068372e+01,6.983925422897634405e+00
4.921052631578947256e+01,3.000000000000000000e+00,1.000000000000000000e+01,5.015893958274008924e+01,3.298915375640890879e+00,3.117394861726692668e+00,6.025349000654441900e-01,3.092320647955566493e+00,6.461828202759086759e-01,6.283860140230562941e+00,2.153942734253028490e+01,1.391164374138042525e+01,2.568107615912679886e+00,2.999552266349234664e-01,5.218614406667477112e+00,9.998507554497447103e+00,5.653099610371077333e+00
4.921052631578947256e+01,4.000000000000000000e+00,1.000000000000000000e+01,4.968580571034513582e+01,4.401936159235512847e+00,2.661611452396286825e+00,6.844808192841729255e-01,1.199577075402204596e+00,6.366318014930090197e-01,2.437643254828009809e+00,1.591579503732522838e+01,9.176719146076617761e+00,9.292340719221295897e-01,4.849662518208234241e-01,1.888283140804327465e+00,1.212415629552058505e+01,5.733386017786575195e+00
4.921052631578947256e+01,5.000000000000000000e+00,1.000000000000000000e+01,4.999412179665809219e+01,4.941537430919188623e+00,2.521658349382687625e+00,7.121757306125592324e-01,2.588129083928236263e+00,3.427505101051427916e-01,5.259299742741871064e+00,6.855010202102855388e+00,6.057154972422362782e+00,1.677715519524108467e+00,2.071717084028363298e-01,3.409261483524926195e+00,4.143434168056726818e+00,2.401613255783346279e+00
4.921052631578947256e+01,6.000000000000000000e+00,1.000000000000000000e+01,4.901600854107469019e+01,5.553806485390349046e+00,2.323367277208819193e+00,5.754475537675766139e-01,2.318465589177363562e+00,4.461935146096506211e-01,4.711320448595712307e+00,7.436558576827510869e+00,6.073939512711611144e+00,1.504114441262474067e+00,1.671715486547050433e-01,3.056489238929091190e+00,2.786192477578417925e+00,1.800061361680047822e+00
5.289473684210526017e+01,1.000000000000000000e+00,1.000000000000000000e+01,5.323087155270017234e+01,1.051402997342701928e+00,5.837643808877762908e+00,7.052309458320256408e-02,2.608850984493059855e+00,5.140299734270183801e-02,4.932156090086381894e+00,5.140299734270183940e+00,5.036227912178283361e+00,3.459559935383401008e+00,1.566271668868653155e-01,6.540461569381553986e+00,1.566271668868652966e+01,8.982025474637485019e+00
5.289473684210526017e+01,2.000000000000000000e+00,1.000000000000000000e+01,5.100139700201286530e+01,2.169217505909625920e+00,4.107856650352434968e+00,3.618941674599323588e-01,3.484828096395681918e+00,4.188693006275643893e-01,6.588232222041587427e+00,2.094346503137821713e+01,1.376584862670990184e+01,2.874299210495871115e+00,4.970059802068241273e-01,5.433998507405130240e+00,2.485029901034120670e+01,1.237302547198166636e+01
5.289473684210526017e+01,3.000000000000000000e+00,1.000000000000000000e+01,5.439587012853228032e+01,3.045818815894186571e+00,3.628505830797109866e+00,5.377087126261566041e-01,3.244803152197145213e+00,5.421451190020732946e-01,6.134453720571716673e+00,1.807150396673577575e+01,1.210297884365374799e+01,1.627921320988259923e+00,5.877950742486784952e-01,3.077662198883278410e+00,1.959316914162261369e+01,1.047356630436257419e+01
5.289473684210526017e+01,4.000000000000000000e+00,1.000000000000000000e+01,5.168992087681453995e+01,4.544580961632425087e+00,2.738006812722436401e+00,6.715748551999441984e-01,2.052949116344053859e+00,7.507186203193292329e-01,3.881197334381794040e+00,1.876796550798323437e+01,1.132458142118251132e+01,1.739863057226380683e+00,5.846030398000058304e-01,3.289293342020023658e+00,1.461507599500014543e+01,7.182002591368887856e+00
5.289473684210526017e+01,5.000000000000000000e+00,1.000000000000000000e+01,5.294247304067111060e+01,5.047896729975100527e+00,2.629722582706157219e+00,6.957569059499092434e-01,1.431026749962317934e+00,3.498514823912899918e-01,2.705423706396421935e+00,6.997029647825800502e+00,4.851226677111110774e+00,1.077641365679674834e+00,2.502615141964609213e-01,2.037331935115803905e+00,5.005230283929218871e+00,2.585874880176062707e+00
5.289473684210526017e+01,6.000000000000000000e+00,1.000000000000000000e+01,5.214176478476978360e+01,5.454689844619240446e+00,2.485035321081625614e+00,6.142746887416670187e-01,1.574146984797408777e+00,5.453101553807599977e-01,2.975999274741370382e+00,9.088502589679332999e+00,6.032250932210351024e+00,1.282262985261348964e+00,2.142962844358588526e-01,2.424178778106033327e+00,3.571604740597647432e+00,1.426088066443537805e+00
5.657894736842105488e+01,1.000000000000000000e+00,1.000000000000000000e+01,5.741100020740370979e+01,1.007245685414918324e+00,6.189538011983835020e+00,4.348781520846940751e-02,3.688625112034425335e+00,7.245685414918323630e-03,6.519430430572472623e+00,7.245685414918323630e-01,3.621999486032152937e+00,2.941552455856305759e+00,1.925549385268299912e-02,5.199022945234400339e+00,1.925549385268299662e+00,2.847939370191180153e+00
5.657894736842105488e+01,2.000000000000000000e+00,1.000000000000000000e+01,5.838880436863809109e+01,2.244160537212633422e+00,4.471024559131580034e+00,3.199597247431694158e-01,3.013034026191136583e+00,2.733347282735175687e-01,5.325362464895961878e+00,1.366673641367587422e+01,9.496049439285920712e+00,1.312807196021602119e+00,3.366075224151261480e-01,2.320310392968413016e+00,1.683037612075630918e+01,8.953072006326504351e+00
5.657894736842105488e+01,3.000000000000000000e+00,1.000000000000000000e+01,5.737041632597630780e+01,3.173862023142329569e+00,3.671993136124742652e+00,5.485171899739595958e-01,2.528103922276610405e+00,3.485072496906441164e-01,4.468276699837730348e+00,1.161690832302147136e+01,8.042592511429599966e+00,1.827242806500778638e+00,3.427107513894673274e-01,3.229545425443236972e+00,1.142369171298224373e+01,6.200826971886162831e+00
5.657894736842105488e+01,4.000000000000000000e+00,1.000000000000000000e+01,5.575619235244118954e+01,4.085130920801111287e+00,3.159193025012511313e+00,6.718486487208688018e-01,1.895278712645790620e+00,6.323705517075647320e-01,3.349794933978606615e+00,1.580926379268911752e+01,9.579529363333861625e+00,1.631104186774597453e+00,5.387349261850483684e-01,2.882881818485334868e+00,1.346837315462620843e+01,5.893621432701628748e+00
5.657894736842105488e+01,5.000000000000000000e+00,1.000000000000000000e+01,5.719418056145028828e+01,5.045909991973356767e+00,2.864050276333844014e+00,7.034837331231053037e-01,2.212531159524489421e+00,3.576836091488318492e-01,3.910520188927004259e+00,7.153672182976634986e+00,5.532096185951820289e+00,1.522841037084550653e+00,2.212843614066546949e-01,2.691532995777345061e+00,4.425687228133094564e+00,2.625796001001511559e+00
5.657894736842105488e+01,6.000000000000000000e+00,1.000000000000000000e+01,5.683392009667593214e+01,5.193582922595304296e+00,2.798057683294607578e+00,6.518444087004720000e-01,2.313141112331686511e+00,8.064170774046945933e-01,4.088342431097864882e+00,1.344028462341158026e+01,8.764313527254721237e+00,2.074939659926838598e+00,4.527809738704654530e-01,3.667335212893947816e+00,7.546349564507758068e+00,3.766909582581304594e+00
6.026315789473684248e+01,1.000000000000000000e+00,1.000000000000000000e+01,5.956378211480716800e+01,1.010402709872746385e+00,6.069447431815953919e+00,6.470408082770348623e-02,4.711524036447481301e+00,1.040270987274634004e-02,7.818249492794947741e+00,1.040270987274634074e+00,4.429260240034790463e+00,2.623796522207857862e+00,1.755441071431446468e-02,4.353898159122209677e+00,1.755441071431446343e+00,2.301466948593314576e+00
6.026315789473684248e+01,2.000000000000000000e+00,1.000000000000000000e+01,6.008305441185812867e+01,2.185641429520712276e+00,4.567100198786087972e+00,3.040314030970158177e-01,2.594189945242427520e+00,2.210749072523093550e-01,4.304769341450315423e+00,1.105374536261546936e+01,7.679257352032891504e+00,2.515297648978085832e+00,3.093499475583387226e-01,4.173856360749661931e+00,1.546749737791693846e+01,8.076278952364308594e+00
6.026315789473684248e+01,3.000000000000000000e+00,1.000000000000000000e+01,6.081175901314801280e+01,3.225516653164008485e+00,3.809962379852066761e+00,5.577763933508438354e-01,2.928341694212464041e+00,2.615515698400276978e-01,4.859256959828542222e+00,8.718385661334256298e+00,6.788821310581399260e+00,2.557163794432161019e+00,2.501152764401149420e-01,4.243328567180005173e+00,8.337175881337165251e+00,4.782477083713657429e+00
6.026315789473684248e+01,4.000000000000000000e+00,1.000000000000000000e+01,5.917730279921283909e+01,4.149221031730573550e+00,3.303295963257968815e+00,7.022192917029720372e-01,2.772623551330130276e+00,4.838879093780888430e-01,4.600860041508513909e+00,1.209719773445222302e+01,8.349028887980365354e+00,2.141124301776432759e+00,3.002083835108967369e-01,3.552957356659582455e+00,7.505209587772418978e+00,3.708581202128995447e+00
6.026315789473684248e+01,5.000000000000000000e+00,1.000000000000000000e+01,6.202391846620012217e+01,5.290166567314009249e+00,3.031849492918652800e+00,6.572390002030747969e-01,2.147926654732280838e+00,4.319186683087267165e-01,3.564245103922561775e+00,8.638373366174533885e+00,6.101309235048548274e+00,1.480206749394580301e+00,1.830193280728115157e-01,2.456238274104543429e+00,3.660386561456230314e+00,1.873454896814638504e+00
6.026315789473684248e+01,6.000000000000000000e+00,1.000000000000000000e+01,6.101348821611073703e+01,5.373233521725839346e+00,2.942932212528707847e+00,6.416131523140304882e-01,2.752902573241181816e+00,6.267664782741613205e-01,4.568135274374013122e+00,1.044610797123602097e+01,7.507121622805017935e+00,2.187004775080068075e+00,2.825657812952892534e-01,3.629090893145964891e+00,4.709429688254821222e+00,2.558433036533376281e+00
6.394736842105263008e+01,1.000000000000000000e+00,1.000000000000000000e+01,6.136641475283702363e+01,1.003907977889090031e+00,6.145139187446557294e+00,3.555229107474613959e-02,3.611578687353146133e+00,3.907977889090275339e-03,5.647736218906154626e+00,3.907977889090274992e-01,3.019267003907591285e+00,4.533734813892226434e+00,6.463394602069019550e-03,7.089791066991959489e+00,6.463394602069020278e-01,3.471587452851196076e+00
6.394736842105263008e+01,2.000000000000000000e+00,1.000000000000000000e+01,6.418910659743899316e+01,1.974519363048933274e+00,4.760366233655761725e+00,2.708144262558877524e-01,2.361219814383390236e+00,1.623086956412869430e-01,3.692442508089251341e+00,8.115434782064344432e+00,5.903938645076799219e+00,2.120829279809974821e+00,2.428446940041230351e-01,3.316523153612306096e+00,1.214223470020615103e+01,6.984665805014525830e+00
6.394736842105263008e+01,3.000000000000000000e+00,1.000000000000000000e+01,6.348813449965751943e+01,2.977109179271588690e+00,3.973862657483430816e+00,5.148805168389080089e-01,4.306231277278879332e+00,6.134096577302980968e-01,6.734024219613061746e+00,2.044698859100993715e+01,1.359050640531150123e+01,2.390449851834955730e+00,4.669263214954160746e-01,3.738152031676063025e+00,1.556421071651386967e+01,7.064769590020308243e+00
6.394736842105263008e+01,4.000000000000000000e+00,1.000000000000000000e+01,6.614073027162446294e+01,4.295525659286989040e+00,3.539004571385650166e+00,6.560215240070067511e-01,2.193361850571831528e+00,8.598699918850212232e-01,3.429948572910682891e+00,2.149674979712553125e+01,1.246334918501810662e+01,1.624045983186306108e+00,4.775905793949066225e-01,2.539660385229614459e+00,1.193976448487266495e+01,6.393520652009239136e+00
6.394736842105263008e+01,5.000000000000000000e+00,1.000000000000000000e+01,6.441778977524231209e+01,5.236679279766618400e+00,3.132871967480518549e+00,6.832536389140096977e-01,2.667714535513411533e+00,3.537415889838864125e-01,4.171734664588873542e+00,7.074831779677728250e+00,5.623283222133300896e+00,1.907866242351236252e+00,1.846447610675654161e-01,2.983494535364073386e+00,3.692895221351307544e+00,2.480904306997662623e+00
6.394736842105263008e+01,6.000000000000000000e+00,1.000000000000000000e+01,6.373409640259247055e+01,5.316873067580968559e+00,3.083506236743127182e+00,6.083981355150440695e-01,2.737037682616619172e+00,6.831269324190327730e-01,4.280141232075371782e+00,1.138544887365054770e+01,7.832795052862960183e+00,1.830149678303717886e+00,5.015161235589090660e-01,2.861962459898818256e+00,8.358602059315149546e+00,3.568404608699651259e+00
6.763157894736841058e+01,1.000000000000000000e+00,1.000000000000000000e+01,6.395562920484890412e+01,1.079499032022303906e+00,5.666562190921390574e+00,1.095556507422636161e-01,5.201582303501856686e+00,7.949903202230390598e-02,7.691055546033875423e+00,7.949903202230390598e+00,7.820479374132133898e+00,3.582024102833222035e+00,1.771981718847675247e-01,5.296378050881808797e+00,1.771981718847675324e+01,8.895485669369945114e+00
6.763157894736841058e+01,2.000000000000000000e+00,1.000000000000000000e+01,6.398880924421452931e+01,2.197932913839728108e+00,4.514984530170840671e+00,2.743908823393367835e-01,4.689259466396827669e+00,2.122090812186558095e-01,6.933535397785194121e+00,1.061045406093279198e+01,8.771994729358992160e+00,1.760491878505294538e+00,3.395737452928210831e-01,2.603061921525338551e+00,1.697868726464104938e+01,8.950997273018236555e+00
6.763157894736841058e+01,3.000000000000000000e+00,1.000000000000000000e+01,6.826153001119629948e+01,3.052713753511051120e+00,3.688221475220751611e+00,5.584434993161885297e-01,2.311513589936990964e+00,3.317399557040233704e-01,3.417802195237575003e+00,1.105799852346744316e+01,7.237900359352510193e+00,2.048076229143479754e+00,2.148582967803041588e-01,3.028283918577908462e+00,7.161943226010138552e+00,3.296824278379012263e+00
6.763157894736841058e+01,4.000000000000000000e+00,1.000000000000000000e+01,6.621458182741010035e+01,4.053938765875828132e+00,3.555461835938662496e+00,6.642642151371054293e-01,2.756634149050097626e+00,5.461871871943970724e-01,4.075957107544892821e+00,1.365467967985992459e+01,8.865318393702407818e+00,2.938393505852829435e+00,5.101878894336354664e-01,4.344706351066440320e+00,1.275469723584088833e+01,6.672316936791329312e+00
6.763157894736841058e+01,5.000000000000000000e+00,1.000000000000000000e+01,6.808733352407355710e+01,5.079972245458904467e+00,3.089912734105110026e+00,7.012344027069358221e-01,2.786609123342194572e+00,3.843658519403979623e-01,4.120278081206357967e+00,7.687317038807959690e+00,5.903797560007158829e+00,1.589044589884507808e+00,1.929360238610578759e-01,2.349560093992657972e+00,3.858720477221157630e+00,2.696766136654510149e+00
6.763157894736841058e+01,6.000000000000000000e+00,1.000000000000000000e+01,6.672631820297999639e+01,5.607069624487643900e+00,2.993515755102055476e+00,5.144329592603206214e-01,2.712960499720236562e+00,3.929303755123562114e-01,4.011381283633034478e+00,6.548839591872604338e+00,5.280110437752819408e+00,2.191562215237723876e+00,2.971490567048350462e-01,3.240442185954611531e+00,4.952484278413916918e+00,1.971136122372909805e+00
7.131578947368420529e+01,1.000000000000000000e+00,1.000000000000000000e+01,6.705734732543035648e+01,1.041278773707654315e+00,5.230430118961890251e+00,8.456192495015052435e-02,4.649978720558943124e+00,4.127877370765435650e-02,6.520265364621397275e+00,4.127877370765436815e+00,5.324071367693417045e+00,2.961598197775507035e+00,1.179295496097374912e-01,4.152794520866025962e+00,1.179295496097375207e+01,7.296062755367520580e+00
7.131578947368420529e+01,2.000000000000000000e+00,1.000000000000000000e+01,6.895639877830136300e+01,2.189605504216548759e+00,4.030647549851688716e+00,3.148463788604290436e-01,2.751549009415524161e+00,1.896055042165487592e-01,3.858260603608484551e+00,9.480275210827437959e+00,6.669267907217959923e+00,1.634304135913436040e+00,2.404343820704651080e-01,2.291644175819578688e+00,1.202171910352325490e+01,6.098696368370180032e+00
7.131578947368420529e+01,3.000000000000000000e+00,1.000000000000000000e+01,7.052657456778547385e+01,2.752613990320122994e+00,3.214953897435257169e+00,4.946408915005465756e-01,2.395300166071547388e+00,3.775873191073341739e-01,3.358723480100324732e+00,1.258624397024447283e+01,7.972483725172399893e+00,1.637205804903990147e+00,3.047277976688086421e-01,2.295712936765743173e+00,1.015759325562695636e+01,4.831718973526832883e+00
7.131578947368420529e+01,4.000000000000000000e+00,1.000000000000000000e+01,7.040373817442758764e+01,4.689617991481211945e+00,3.020344111093703710e+00,7.101574888691513099e-01,1.577687565654997570e+00,7.115941588898202497e-01,2.212255627117708734e+00,1.778985397224550269e+01,1.000105479968160793e+01,1.316011795002023366e+00,5.979906019245748716e-01,1.845330192253759938e+00,1.494976504811437401e+01,7.074364228504965268e+00
7.131578947368420529e+01,5.000000000000000000e+00,1.000000000000000000e+01,7.146152008250189169e+01,5.015201224953380610e+00,2.720119671485164758e+00,7.035713088316322139e-01,1.267415572411904723e+00,3.910007329894102379e-01,1.777187887514847686e+00,7.820014659788204980e+00,4.798601273651526888e+00,7.773194389917633673e-01,3.142993301083339408e-01,1.089968217036420883e+00,6.285986602166679482e+00,3.345852345190130084e+00
7.131578947368420529e+01,6.000000000000000000e+00,1.000000000000000000e+01,7.035795759436965113e+01,5.386663831731332230e+00,2.813675785146507735e+00,6.172808659688028277e-01,1.947815452528081526e+00,6.133361682686679917e-01,2.731254140076276649e+00,1.022226947114446638e+01,6.476761805610371070e+00,1.328936836595330906e+00,4.082472475456896399e-01,1.863453866812641468e+00,6.804120792428159703e+00,3.105611557230167019e+00
7.500000000000000000e+01,1.000000000000000000e+00,1.000000000000000000e+01,6.722570699349479639e+01,1.003006170611968617e+00,5.303071880751433653e+00,2.621254411493700864e-02,7.774293006505212489e+00,3.006170611968750263e-03,1.036572400867361665e+01,3.006170611968750350e-01,5.333170534935247176e+00,3.157258717702851936e+00,8.604141766663953722e-03,4.209678290270470136e+00,8.604141766663954138e-01,1.942601955759108101e+00
7.500000000000000000e+01,2.000000000000000000e+00,1.000000000000000000e+01,7.023609258967077551e+01,2.594402730469142604e+00,3.325782370485639738e+00,4.544372895967033199e-01,4.763907410329222714e+00,5.949880453927304247e-01,6.351876547105630877e+00,2.974940226963651568e+01,1.805063940837107594e+01,2.994078861161667771e+00,4.381396332969617613e-01,3.992105148215557175e+00,2.190698166484808951e+01,1.175554196750882596e+01
7.500000000000000000e+01,3.000000000000000000e+00,1.000000000000000000e+01,7.141946455125695081e+01,3.109907154031046339e+00,2.836806198314985927e+00,5.696527116923977285e-01,3.580535448743037641e+00,3.462427509221902566e-01,4.774047264990716855e+00,1.154142503073967596e+01,8.157736147865197296e+00,2.659771890387454985e+00,2.254364369332700346e-01,3.546362520516606054e+00,7.514547897775667451e+00,3.283246322122049587e+00
7.500000000000000000e+01,4.000000000000000000e+00,1.000000000000000000e+01,7.227093883933873997e+01,4.828540204255210355e+00,2.271088437644947611e+00,7.040706494125086312e-01,2.729061160661265806e+00,9.380077661012421464e-01,3.638748214215021370e+00,2.345019415253105421e+01,1.354447118337303380e+01,2.331785198625258904e+00,5.379552984458183529e-01,3.109046931500345501e+00,1.344888246114545893e+01,6.001277801714502758e+00
7.500000000000000000e+01,5.000000000000000000e+00,1.000000000000000000e+01,7.245708779958857804e+01,5.021742930670053617e+00,2.316382044893784631e+00,6.578170983491550272e-01,2.542912200411420631e+00,6.343406346526496709e-01,3.390549600548560250e+00,1.268681269305299253e+01,8.038681146800774613e+00,1.571826645726791538e+00,3.313753135848630516e-01,2.095768860969055236e+00,6.627506271697260587e+00,3.309803548237498116e+00
7.500000000000000000e+01,6.000000000000000000e+00,1.000000000000000000e+01,7.227087991546912349e+01,5.518074000748376839e+00,2.090107897538561854e+00,5.031216348627447488e-01,2.729120084530881396e+00,4.819259992516226054e-01,3.638826779374509268e+00,8.032099987527043794e+00,5.835463383450776753e+00,3.133038443588560096e+00,5.588322716613521868e-01,4.177384591451412277e+00,9.313871194355870742e+00,5.070978045474655360e+00
